{
  "paper_level": {
    "paper_total_score": {
      "descriptive_by_condition": {
        "no_highlights": {
          "n": 24,
          "mean": 6.75,
          "median": 7.0,
          "std": 2.471577563454951,
          "min": 0.0,
          "max": 10.0,
          "missing": 0
        },
        "all_highlights": {
          "n": 24,
          "mean": 7.833333333333333,
          "median": 8.5,
          "std": 2.057154359296116,
          "min": 4.0,
          "max": 10.0,
          "missing": 0
        },
        "contextual_highlights": {
          "n": 24,
          "mean": 7.375,
          "median": 7.5,
          "std": 2.222659981037214,
          "min": 1.0,
          "max": 10.0,
          "missing": 0
        }
      },
      "friedman": {
        "ok": true,
        "chi2": 7.636363636363637,
        "p": 0.021967705889435495,
        "kendalls_w": 0.1590909090909091,
        "n": 24,
        "k": 3
      },
      "posthoc_wilcoxon": [
        {
          "pair": [
            "no_highlights",
            "all_highlights"
          ],
          "n_pairs": 24,
          "ok": true,
          "stat": 26.0,
          "p": 0.01574788169395768,
          "d_paired": -0.560787125964255,
          "p_bonf": 0.047243645081873044
        },
        {
          "pair": [
            "no_highlights",
            "contextual_highlights"
          ],
          "n_pairs": 24,
          "ok": true,
          "stat": 45.0,
          "p": 0.13085379344712242,
          "d_paired": -0.3131388422340623,
          "p_bonf": 0.3925613803413672
        },
        {
          "pair": [
            "all_highlights",
            "contextual_highlights"
          ],
          "n_pairs": 24,
          "ok": true,
          "stat": 33.0,
          "p": 0.37735477587789357,
          "d_paired": 0.2006920410907822,
          "p_bonf": 1.0
        }
      ],
      "order_effects": {
        "ok": true,
        "chi2": 3.272727272727273,
        "p": 0.19468670833151017,
        "kendalls_w": 0.06818181818181819,
        "n": 24,
        "k": 3
      }
    },
    "free_text_score": {
      "descriptive_by_condition": {
        "no_highlights": {
          "n": 24,
          "mean": 3.75,
          "median": 4.0,
          "std": 1.1131623577819225,
          "min": 0.0,
          "max": 5.0,
          "missing": 0
        },
        "all_highlights": {
          "n": 24,
          "mean": 3.9166666666666665,
          "median": 4.0,
          "std": 1.212853862900895,
          "min": 1.0,
          "max": 5.0,
          "missing": 0
        },
        "contextual_highlights": {
          "n": 24,
          "mean": 4.125,
          "median": 4.5,
          "std": 1.226961606004318,
          "min": 0.0,
          "max": 5.0,
          "missing": 0
        }
      },
      "friedman": {
        "ok": true,
        "chi2": 2.5714285714285716,
        "p": 0.2764530466295643,
        "kendalls_w": 0.053571428571428575,
        "n": 24,
        "k": 3
      },
      "posthoc_wilcoxon": [
        {
          "pair": [
            "no_highlights",
            "all_highlights"
          ],
          "n_pairs": 24,
          "ok": true,
          "stat": 64.0,
          "p": 0.5193004752790739,
          "d_paired": -0.15288552495196328,
          "p_bonf": 1.0
        },
        {
          "pair": [
            "no_highlights",
            "contextual_highlights"
          ],
          "n_pairs": 24,
          "ok": true,
          "stat": 33.0,
          "p": 0.20670721690576854,
          "d_paired": -0.2606019681943551,
          "p_bonf": 0.6201216507173056
        },
        {
          "pair": [
            "all_highlights",
            "contextual_highlights"
          ],
          "n_pairs": 24,
          "ok": true,
          "stat": 31.0,
          "p": 0.2975458026640888,
          "d_paired": -0.150696120371769,
          "p_bonf": 0.8926374079922664
        }
      ],
      "order_effects": {
        "ok": true,
        "chi2": 10.571428571428571,
        "p": 0.005063414171757497,
        "kendalls_w": 0.22023809523809523,
        "n": 24,
        "k": 3
      }
    },
    "mc_first_attempt_accuracy": {
      "descriptive_by_condition": {
        "no_highlights": {
          "n": 24,
          "mean": 0.6,
          "median": 0.6,
          "std": 0.3489113503954588,
          "min": 0.0,
          "max": 1.0,
          "missing": 0
        },
        "all_highlights": {
          "n": 24,
          "mean": 0.7833333333333332,
          "median": 0.8,
          "std": 0.24257077258017903,
          "min": 0.2,
          "max": 1.0,
          "missing": 0
        },
        "contextual_highlights": {
          "n": 24,
          "mean": 0.65,
          "median": 0.6,
          "std": 0.31896571984271693,
          "min": 0.0,
          "max": 1.0,
          "missing": 0
        }
      },
      "friedman": {
        "ok": true,
        "chi2": 8.633333333333303,
        "p": 0.013344290457993865,
        "kendalls_w": 0.17986111111111047,
        "n": 24,
        "k": 3
      },
      "posthoc_wilcoxon": [
        {
          "pair": [
            "no_highlights",
            "all_highlights"
          ],
          "n_pairs": 24,
          "ok": true,
          "stat": 23.5,
          "p": 0.021064300161287287,
          "d_paired": -0.6106196666318562,
          "p_bonf": 0.06319290048386186
        },
        {
          "pair": [
            "no_highlights",
            "contextual_highlights"
          ],
          "n_pairs": 24,
          "ok": true,
          "stat": 47.0,
          "p": 0.45756817506250735,
          "d_paired": -0.22458538797354574,
          "p_bonf": 1.0
        },
        {
          "pair": [
            "all_highlights",
            "contextual_highlights"
          ],
          "n_pairs": 24,
          "ok": true,
          "stat": 11.5,
          "p": 0.055202974168669955,
          "d_paired": 0.4647175930762186,
          "p_bonf": 0.16560892250600986
        }
      ],
      "order_effects": {
        "ok": true,
        "chi2": 0.23333333333330303,
        "p": 0.8898817709880373,
        "kendalls_w": 0.00486111111111048,
        "n": 24,
        "k": 3
      }
    },
    "paper_duration_seconds": {
      "descriptive_by_condition": {
        "no_highlights": {
          "n": 24,
          "mean": 531.0416666666666,
          "median": 556.0,
          "std": 45.7692503255441,
          "min": 447.0,
          "max": 588.0,
          "missing": 0
        },
        "all_highlights": {
          "n": 24,
          "mean": 535.0416666666666,
          "median": 552.0,
          "std": 45.45851349610282,
          "min": 455.0,
          "max": 614.0,
          "missing": 0
        },
        "contextual_highlights": {
          "n": 24,
          "mean": 537.9583333333334,
          "median": 558.0,
          "std": 39.23450030894689,
          "min": 467.0,
          "max": 592.0,
          "missing": 0
        }
      },
      "friedman": {
        "ok": true,
        "chi2": 3.557894736842086,
        "p": 0.16881575456895417,
        "kendalls_w": 0.07412280701754347,
        "n": 24,
        "k": 3
      },
      "posthoc_wilcoxon": [
        {
          "pair": [
            "no_highlights",
            "all_highlights"
          ],
          "n_pairs": 24,
          "ok": true,
          "stat": 137.5,
          "p": 0.7209302841154979,
          "d_paired": -0.06014379790768107,
          "p_bonf": 1.0
        },
        {
          "pair": [
            "no_highlights",
            "contextual_highlights"
          ],
          "n_pairs": 24,
          "ok": true,
          "stat": 121.5,
          "p": 0.41531465976793525,
          "d_paired": -0.13058924614846734,
          "p_bonf": 1.0
        },
        {
          "pair": [
            "all_highlights",
            "contextual_highlights"
          ],
          "n_pairs": 24,
          "ok": true,
          "stat": 123.0,
          "p": 0.6481907560225018,