{
  "paper_level": {
    "paper_total_score": {
      "descriptive_by_condition": {
        "no_highlights": {
          "n": 23,
          "mean": 6.717391304347826,
          "median": 7.0,
          "std": 2.632083891643316,
          "min": 0.0,
          "max": 10.0,
          "missing": 0
        },
        "all_highlights": {
          "n": 23,
          "mean": 7.695652173913044,
          "median": 8.0,
          "std": 2.2850260115626226,
          "min": 2.0,
          "max": 10.0,
          "missing": 0
        },
        "contextual_highlights": {
          "n": 23,
          "mean": 7.521739130434782,
          "median": 8.0,
          "std": 2.019666156422692,
          "min": 3.0,
          "max": 10.0,
          "missing": 0
        }
      },
      "friedman": {
        "ok": true,
        "chi2": 7.870967741935458,
        "p": 0.01953624401878539,
        "kendalls_w": 0.17110799438990126,
        "n": 23,
        "k": 3
      },
      "posthoc_wilcoxon": [
        {
          "pair": [
            "no_highlights",
            "all_highlights"
          ],
          "n_pairs": 23,
          "ok": true,
          "stat": 23.0,
          "p": 0.019007244458957705,
          "d_paired": -0.528985951803906,
          "p_bonf": 0.057021733376873114
        },
        {
          "pair": [
            "no_highlights",
            "contextual_highlights"
          ],
          "n_pairs": 23,
          "ok": true,
          "stat": 30.0,
          "p": 0.046737594192358074,
          "d_paired": -0.4529713628969915,
          "p_bonf": 0.14021278257707423
        },
        {
          "pair": [
            "all_highlights",
            "contextual_highlights"
          ],
          "n_pairs": 23,
          "ok": true,
          "stat": 32.0,
          "p": 0.5768479203442869,
          "d_paired": 0.10775804624090149,
          "p_bonf": 1.0
        }
      ],
      "order_effects": {
        "ok": true,
        "chi2": 3.612903225806415,
        "p": 0.16423587653856495,
        "kendalls_w": 0.0785413744740525,
        "n": 23,
        "k": 3
      }
    },
    "free_text_score": {
      "descriptive_by_condition": {
        "no_highlights": {
          "n": 23,
          "mean": 3.6956521739130435,
          "median": 4.0,
          "std": 1.1845514152353067,
          "min": 0.0,
          "max": 5.0,
          "missing": 0
        },
        "all_highlights": {
          "n": 23,
          "mean": 3.869565217391304,
          "median": 4.0,
          "std": 1.3247417527437004,
          "min": 1.0,
          "max": 5.0,
          "missing": 0
        },
        "contextual_highlights": {
          "n": 23,
          "mean": 4.217391304347826,
          "median": 5.0,
          "std": 0.9980217586956905,
          "min": 2.0,
          "max": 5.0,
          "missing": 0
        }
      },
      "friedman": {
        "ok": true,
        "chi2": 3.4915254237288367,
        "p": 0.1745118359468137,
        "kendalls_w": 0.0759027266028008,
        "n": 23,
        "k": 3
      },
      "posthoc_wilcoxon": [
        {
          "pair": [
            "no_highlights",
            "all_highlights"
          ],
          "n_pairs": 23,
          "ok": true,
          "stat": 56.0,
          "p": 0.4912971242158931,
          "d_paired": -0.16897599751218176,
          "p_bonf": 1.0
        },
        {
          "pair": [
            "no_highlights",
            "contextual_highlights"
          ],
          "n_pairs": 23,
          "ok": true,
          "stat": 20.5,
          "p": 0.06944969996774754,
          "d_paired": -0.40934808184531796,
          "p_bonf": 0.20834909990324263
        },
        {
          "pair": [
            "all_highlights",
            "contextual_highlights"
          ],
          "n_pairs": 23,
          "ok": true,
          "stat": 20.0,
          "p": 0.11755980114566805,
          "d_paired": -0.3385842724621209,
          "p_bonf": 0.35267940343700416
        }
      ],
      "order_effects": {
        "ok": true,
        "chi2": 11.220338983050874,
        "p": 0.0036604488900843224,
        "kendalls_w": 0.24392041267501902,
        "n": 23,
        "k": 3
      }
    },
    "mc_first_attempt_accuracy": {
      "descriptive_by_condition": {
        "no_highlights": {
          "n": 23,
          "mean": 0.6043478260869566,
          "median": 0.6,
          "std": 0.35989677922927393,
          "min": 0.0,
          "max": 1.0,
          "missing": 0
        },
        "all_highlights": {
          "n": 23,
          "mean": 0.7652173913043478,
          "median": 0.8,
          "std": 0.2604344196847293,
          "min": 0.2,
          "max": 1.0,
          "missing": 0
        },
        "contextual_highlights": {
          "n": 23,
          "mean": 0.6608695652173914,
          "median": 0.6,
          "std": 0.3215574746233805,
          "min": 0.0,
          "max": 1.0,
          "missing": 0
        }
      },
      "friedman": {
        "ok": true,
        "chi2": 8.03571428571425,
        "p": 0.017991476826658807,
        "kendalls_w": 0.17468944099378803,
        "n": 23,
        "k": 3
      },
      "posthoc_wilcoxon": [
        {
          "pair": [
            "no_highlights",
            "all_highlights"
          ],
          "n_pairs": 23,
          "ok": true,
          "stat": 24.0,
          "p": 0.04036025838847893,
          "d_paired": -0.5481577182629344,
          "p_bonf": 0.1210807751654368
        },
        {
          "pair": [
            "no_highlights",
            "contextual_highlights"
          ],
          "n_pairs": 23,
          "ok": true,
          "stat": 38.0,
          "p": 0.3610247699750073,
          "d_paired": -0.25792155466202726,
          "p_bonf": 1.0
        },
        {
          "pair": [
            "all_highlights",
            "contextual_highlights"
          ],
          "n_pairs": 23,
          "ok": true,
          "stat": 11.5,
          "p": 0.10179941520248703,
          "d_paired": 0.40934808184531774,
          "p_bonf": 0.3053982456074611
        }
      ],
      "order_effects": {
        "ok": true,
        "chi2": 0.3214285714285998,
        "p": 0.8515353321630943,
        "kendalls_w": 0.00698757763975217,
        "n": 23,
        "k": 3
      }
    },
    "paper_duration_seconds": {
      "descriptive_by_condition": {
        "no_highlights": {
          "n": 23,
          "mean": 443.4347826086956,
          "median": 451.0,
          "std": 200.35192357607252,
          "min": 121.0,
          "max": 1017.0,
          "missing": 0
        },
        "all_highlights": {
          "n": 23,
          "mean": 419.60869565217394,
          "median": 460.0,
          "std": 215.21463686503438,
          "min": 101.0,
          "max": 930.0,
          "missing": 0
        },
        "contextual_highlights": {
          "n": 23,
          "mean": 429.39130434782606,
          "median": 470.0,
          "std": 194.5018670465273,
          "min": 119.0,
          "max": 737.0,
          "missing": 0
        }
      },
      "friedman": {
        "ok": true,
        "chi2": 0.6086956521738784,
        "p": 0.7376042638218393,
        "kendalls_w": 0.01323251417769301,
        "n": 23,
        "k": 3
      },
      "posthoc_wilcoxon": [
        {
          "pair": [
            "no_highlights",
            "all_highlights"
          ],
          "n_pairs": 23,
          "ok": true,
          "stat": 111.0,
          "p": 0.41147614084878703,
          "d_paired": 0.16763951681420083,
          "p_bonf": 1.0
        },
        {
          "pair": [
            "no_highlights",
            "contextual_highlights"
          ],
          "n_pairs": 23,
          "ok": true,
          "stat": 132.0,
          "p": 0.8551901414707871,
          "d_paired": 0.07178920372531133,
          "p_bonf": 1.0
        },
        {
          "pair": [
            "all_highlights",
            "contextual_highlights"
          ],