metric,friedman_ok,chi2,p,kendalls_w
paper_total_score,True,7.636363636363637,0.021967705889435495,0.1590909090909091
free_text_score,True,2.5714285714285716,0.2764530466295643,0.053571428571428575
mc_first_attempt_accuracy,True,8.633333333333303,0.013344290457993865,0.17986111111111047
paper_duration_seconds,True,3.557894736842086,0.16881575456895417,0.07412280701754347
